sheet_date,artifact_date,artifact,status,relation
2026-08-16,2026-08-16,"Structural Continuity After Company","Key Transition Artifact","independent conceptual artifact"
2026-08-17,2026-08-17,"SATURN Switch: Independent Origin and Later Cultural Correlation","Operationally Tested","conceptual artifact A / revised formulation follows"
2026-08-18,2026-08-18,"SATURN Switch: Independent Development and Historical Correlation","Operationally Tested","revised formulation of 2026-08-17 artifact"
2026-08-23,2026-08-23,"Artifact 021 — H-ACS Status: Operationally Tested on One Operator","Operationally Tested — one operator","audit finding"
2026-08-23,2026-08-23,"Artifact 022 — Symbolic Evidence Gate","Working rule","audit finding"
2026-08-23,2026-08-23,"Artifact 023 — Auditor Recursive Verification","Longitudinal observation","audit finding"
2026-08-23,2026-08-23,"Artifact 024 — Documentation Load / Architect Addiction","Working rule / risk","audit finding"
2026-08-23,2026-08-23,"Artifact 025 — External Calibration Gap","Limitation","audit finding"
2026-08-23,2026-08-23,"Artifact 026 — Biology as Foundation Layer","Foundation layer","audit finding"
2026-08-23,2026-08-23,"Artifact 027 — SATURN Switch — Operational Response Mechanism","Operationally Tested","formalization of mechanism"
2026-08-23,2026-08-23,"Artifact 028 — Recovery Window After Operational Overload","Working rule / observation","operational cycle finding"
2026-08-23,2026-08-23,"Artifact 029 — Self-Reported KPI Integrity Failure","Measurement limitation","audit finding"
2026-08-29,2026-08-29,"Internal Artifact — Behavioral Deviation / Rapid Containment","Observation / Single Episode","behavioral data point"
2026-08-30,2026-08-30,"Artifact — Iterative Human–AI Co-Adaptation","Observation / Emerging Methodological Concept","emerging interaction-layer concept"
